a,b,c,d,e
0.19519960856178079,1.4715133032211907,0.44787222946148814,0.7425784179555599,hi
-1.4673800106535138,1.0050685546224143,-0.6794479655983817,-1.2961691406653515,hi
-0.1267713382537515,-0.448476130322941,-0.007398030757381359,-1.293715869520208,hi
-0.8291688225589604,0.28793034288391806,-0.3292479426700806,-0.3916187491630415,hi
1.8943619459479204,0.5075438813828191,-2.1949289740083664,2.2277722111941634,hi
-0.4552853859830065,0.721201140944348,-0.024483669053932632,-1.2492708037212754,hi
-1.8688232277961359,-0.02390198971040367,-1.070258121519046,-1.0576280567310075,hi
0.4811774756655418,1.7265541534354327,-0.4599088296678884,-0.34852223883034633,hi
0.46194622473827096,-0.272053212590059,0.5558653258290442,1.4550702756213645,hi
1.4693417844659997,0.44082824876375915,-1.469928944350768,-1.1473673266144848,hi
1.3185310400197643,-1.1848963397853762,0.10821289148628654,-2.6528093398754264,hi
-0.7152728524992984,-1.7717486390567885,-0.47668202778137697,1.0746892905585004,hi
0.34068093894354773,-2.238440918977718,1.7239263839583094,-2.2614822581886185,hi
0.9485993257760593,1.145018958571948,0.6423409498554767,-0.19245943267428794,hi
-1.725399328373562,0.20899797694496433,0.33286248042605093,0.2778114650877901,hi
1.9115939147842258,0.5009677260147528,0.3866742444786509,-0.6806139966930889,hi
0.26901281518274134,0.5979044999184261,-0.2393807234857291,-0.9458705333188957,hi
0.6096431746824924,1.0001519775801901,1.075684336409819,0.789989812569091,hi
0.9099841485677764,-0.2997499435492472,-1.8867910713447849,-0.23097263368792023,hi
-0.834842142673515,-0.8706734782153986,-0.6295679508916606,-0.9129535074688234,hi
0.10822316795477822,-0.7424829322957004,0.8709479016448014,0.2728267231308803,hi
0.3106665791572586,-0.22049402483039232,-0.7331124054578315,1.0084468717675539,hi
-1.3340935570304011,-1.4556755323864963,0.07689802036461764,-1.6032806215293745,hi
1.2155301596156691,-2.4157816170714184,-1.821653561236004,-0.36515200800897907,hi
0.708382673626702,0.41111222052743573,0.3564458218636613,1.4472209097631341,hi
-1.0241414828376072,-0.44021075846971297,0.5695188160524108,0.9925097759635857,hi
0.5477693024023845,0.576499420468825,0.39014829726256345,0.023413104415647555,hi
-1.7763399392941908,0.9575172879122206,0.09881134419451175,0.2597679875354112,hi
-0.8376029677348696,-0.254052505258657,-0.09006519640019814,-1.2513972622524172,hi
-0.0788101025174832,0.6470831329390605,-0.7224623872742664,-0.2653624903245293,hi
-1.14652833364097,0.8953789634323611,2.298048258106683,-1.0117233265944534,hi
1.0158528271762375,1.071217098044859,-1.4399038571002718,0.654310714856877,hi
0.03397599871987102,-0.5358484518818147,0.7294478956427911,1.299504372793524,hi
-0.11945728528764471,0.6148141377627551,-0.6010921027555802,2.066793708492082,hi
1.4620457013266173,-0.7922415662684531,0.9811850945315648,0.4040381105156314,hi
-1.365229248394984,-0.6268494810851716,-0.3203514217137789,0.1410685250332235,hi
1.240675985660401,-0.5502824013248973,0.17233178051373452,0.7239883870702801,hi
-0.8065548520954741,-0.22925460780104873,0.5137803322442627,-0.20782224390089132,hi
-0.36059976405758093,0.013552841575894745,-0.1723111826243907,-0.6193366416961361,hi
-2.3661086244104585,0.6838737535796221,-1.1965141949078417,1.1837497047474368,hi
-0.30161721263775926,-0.295681602160347,1.041118875383696,1.0058072547648624,hi
-1.778353200298584,0.9981726500312047,-0.23059782230700898,0.3553934781067056,hi
-0.24864360413372685,2.6590311616891498,1.24682731863605,-0.8333409459728203,hi
-0.016423461573729727,0.35868279311017437,-1.7094169384067324,1.2602058364855155,hi
-0.44165450850382626,0.7091711634025467,-0.42902104831572146,-1.4042192895667287,hi
-0.5525304385465868,0.3471908341766403,-0.28067597435132174,-0.25797661276165323,hi
1.6495064545446902,-0.8685093427807021,-0.2340252450574606,1.3711287288253693,hi
-0.9836205276842644,-0.4926533825762177,-0.6204214565172178,-1.0437873696679105,hi
0.25350425317281217,0.1956572545673678,-0.8363043018964454,-2.0072806327370185,hi
2.155698157661704,1.7936148153436942,1.5706779114578384,0.20818372645868458,hi
0.7564372635455131,-0.34100281901445306,0.1731442094137758,1.3433707410124909,hi
1.6420280024791343,-0.1934381771693211,-0.03537873525381008,-0.808870029627375,hi
1.3279209919951682,0.5721752328398777,0.444199002623645,-2.279101197526637,hi
-0.03585191688411439,-0.7806425001354254,-0.26482329985236375,0.49766490145155123,hi
0.16416515243463412,0.6954042220633679,2.6438258708389735,-1.1784437274176245,hi
-1.1833027394158167,1.8224335952619828,0.3216211128637772,1.0767151376035615,hi
-0.3295929687974403,2.054924621845205,-0.7216279469597461,-0.09471972746800363,hi
1.5977952593498537,1.323273220831923,-0.10326433582649538,-0.47508961487195317,hi
0.4113917057344804,-1.1413478829074144,0.9561834688704258,0.5330384659867684,hi
0.05418625735283067,-0.6193913173036572,-1.1088813219534206,1.1372503878843943,hi
-0.36076664048193474,-1.4108380112252221,-0.6185957424718763,2.2832780853104584,hi
-1.4811500565071565,0.48506868034939865,-1.2993678312709889,0.8763948531496405,hi
1.3226117669579318,-2.4185414430429995,0.08347424964160395,0.8602443634632608,hi
1.699714542550863,-0.8510082318785436,0.85309696274641,-0.6129855111285339,hi
-0.1996557330673801,1.8426687233575425,-0.4081787066678452,-0.5222434422501655,hi
-0.3566497096664736,-0.1623977747739753,-0.5262253308270767,-0.8065518384752798,hi
0.436151319929278,-0.17620239679452254,2.5991977360374703,-0.34813617631173616,hi
0.7895448480867603,-1.353965323188467,-2.3747531497181864,-1.5759167961829057,hi
-0.47411628422267427,-0.039977030661379545,-0.021104317877209372,-0.6012762639540317,hi
1.3977535744709084,1.921790622169204,-0.23825345643450818,-0.21010843288539396,hi
1.0170943818918872,-1.8719434170569107,0.9906913107770936,-0.0023085929526793004,hi
-1.2106306078119884,-0.20343047850753646,2.413376058047575,-1.1521181018094093,hi
1.4842295702310515,0.5436396346141381,-0.21594008419678834,1.458372539031227,hi
2.229570712301585,-1.201145068225025,-0.12407170835619827,0.11840454024444247,hi
0.17028074755079145,1.0146620253352818,-0.5366360852858959,1.8938790454281373,hi
0.26024688271711494,-1.1243923535210372,0.8474322594416898,-0.3134522560806034,hi
1.6543074698991505,-0.08709146429256055,0.6303619276550924,-0.8783978543088693,hi
1.4946233739666113,-0.9792270268569745,-0.5902625051036551,-0.17222162874031938,hi
-0.16868183295839576,-0.8132742511382649,0.634744155481415,1.9895353578029364,hi
0.137078975842731,-0.30932006009687335,0.869272653235684,0.5346787999276861,hi
0.7290064412955881,-0.8869373672438712,1.144658557915281,-1.3164046940115468,hi
-0.32748688364298123,1.3147819128582867,-0.18819662741851578,0.5430479676541582,hi
1.100266507981239,-1.0613687112284007,-2.0244641347676984,1.5607435053389427,hi
0.48539493315975984,1.026782522904812,-1.2837952315090264,1.7364677516795883,hi
0.2907544730701451,-1.987101547157648,0.3070578314709034,0.6650747813831674,hi
0.20594329965576624,1.8931410792833565,-1.0871389229575237,0.927831989681241,hi
2.31734468901285,0.10233342202569504,-0.058006856480383784,1.1612073984543727,hi
1.717221160771573,-0.06700374837205755,-0.19294731057521988,-1.9397094873345053,hi
0.5664890779466235,0.4873098634725187,0.2726013111961674,-0.8865237305115533,hi
0.5371933851767597,-0.37791480809499683,0.875915130016437,-0.8696657799304369,hi
-0.8123242296703065,-0.9588932160462212,-0.839978642331236,-0.5361822322668706,hi
-1.2994146996783942,0.5686616469043666,-0.8565625822081703,-1.2101196418984208,hi
1.003833785645139,-1.2598442113721366,0.8989023666142009,0.7211441920048858,hi
-0.2615873658604745,-0.36074171637498437,1.1680684262313632,0.2440759013622228,hi
-1.0214712179876815,-0.35290671268409785,-0.13278258573710755,-1.0399706535684106,hi
-0.798118887451306,0.32528816420880785,-0.5215730106612334,0.6817702970001159,hi
-0.7292438925814765,-1.4557477144527413,-0.40938101432003365,2.106853412635737,hi
1.50500309354494,-0.6107786797117405,0.04074378187174601,0.26365225199064357,hi
-0.9608288342205794,0.9465423097989647,-0.6752323238256035,1.1348862081747149,hi
0.786954641751745,0.19865747860320115,1.2060885763118092,1.6617402181889838,hi
0.437743708815658,1.0452471350820856,-1.172055537810647,0.48597895761259574,hi
1.098827712504816,1.785603000244143,-0.12526454352302668,1.2570976513370937,hi
0.7544482449438318,1.108802685668294,0.49756686448438947,1.125975271420159,hi
2.310479763800725,1.8345496880887495,0.11801962154410103,-0.3062885227220887,hi
0.6500988441520363,-0.02519110926825816,1.2981035138185888,-0.5682695807647121,hi
0.542183870228632,0.6217946348346203,-0.7782969830216401,0.24852046930760754,hi
-0.6644296331786796,1.322469539065322,0.262081259994072,0.18340514664663993,hi
-0.8021510407654747,1.549294877348541,0.11558924528357455,-0.6640590147044131,hi
0.48509058201124805,-0.09515348450417475,0.08117805727557449,-0.5317898525028708,hi
0.5570385071968033,-1.2313808835479056,-0.8732084446699663,0.1982192445071508,hi
0.38085868558430414,0.20607795192853348,0.5764243635470926,0.6520478099401253,hi
-2.395275357629191,-0.7569126564636419,-1.5976300213459957,-0.3090256224524728,hi
-0.3704520883386092,0.5329081814748454,-0.8921293717609979,-0.7527539685624361,hi
-0.5319574462207965,1.5984217819986972,2.032377069811609,0.4163224752130555,hi
-0.9308690567059885,-0.3360395826439235,2.4360960807186935,-0.31142308853884315,hi
-0.8792028389026995,0.8608071069812047,-1.4028367947852407,-0.19807965794755214,hi
-0.5323315353399749,1.0923935020807674,-1.1302316333327505,1.253099749433832,hi
0.5004728385739674,-1.9585142456855673,-1.9003607042737243,-1.3264204397862738,hi
1.1092101873637228,-2.1451809594551046,0.8793100634886929,-0.003656388520685669,hi
-1.153596394978912,-1.9256583211067535,0.9191736160784442,0.5460260268958336,hi
1.9056231863175015,1.5901760185825327,0.2736001962326927,0.7186105298101604,hi
0.5104779511752812,0.5730519081079445,-0.5328541224839441,1.0307487849170198,hi
0.575582708876023,-0.2323866971502638,0.879769763813279,-0.6275650058523488,hi
-0.47980642649289373,-1.537033703620325,0.3708261563965428,0.747905298776913,hi
-0.04363218317402195,-0.1400863116313802,-0.8662080227040634,-1.1577656374125684,hi
-1.3246689812141803,0.11618601410751732,-0.439042618579027,1.1559259876121752,hi
0.29367160209323306,0.6983545921953809,1.8360969143536334,2.075080172739311,hi
-1.1035758803241456,0.9024999436121648,0.6800890043601622,0.17213961717798426,hi
1.2028934200566919,-0.7287527207833542,-0.6285076711637246,1.271217012001646,hi
0.757198479450702,0.7917995836394647,-0.20388966108602807,-0.9668459714008653,hi
-0.47252321078553566,-0.06783834828170612,0.5984506318173148,0.816121752371935,hi
0.3966207772530843,0.09674985137105878,0.4497484496920329,-0.04678867238023669,hi
0.9629119971475135,0.12524844462434093,-1.5882280829113906,-0.8201293038912336,hi
-0.2401942265597671,-0.28448898863073263,-0.33671040123473117,-1.2514099449450458,hi
-0.320535849530788,-0.7576334876964168,0.11106523280829769,2.8512861745194344,hi
2.375752908320271,-0.8873337968199999,0.9207672387815281,0.22463183202979303,hi
-0.4534255969113908,0.6584239810721587,-1.4691044595352991,1.1216936463258345,hi
0.20595985766097002,-0.32750510091497387,0.910540413147229,-0.7188357213528915,hi
-0.5937518996633208,-1.129921073969284,0.7486786395473196,-0.8884852541182574,hi
2.5162348025645995,-1.2372517880978875,-0.21559482743515276,-2.334288549179535,hi
-0.02660756942954432,-0.9318834247510112,-0.21227164124902534,0.43038036899121,hi
1.2155645313576258,1.7179763706604863,-0.03359067332666836,-0.3340991936584207,hi
1.3942125357077426,0.2812761093880924,-0.5879702555004389,0.21455783050533495,hi
0.12331808277985512,-0.01777202951545003,-0.06024505044889196,0.40383399340933146,hi
-1.820561536398743,-1.3400088428668488,1.2547437098234144,0.21574462349861853,hi
-1.0723981456804947,2.959301923166796,-0.4831341206724105,0.3440328709683757,hi
0.35017360424199295,-1.8006913931022503,1.5811735205598993,-0.03393629223431435,hi
0.6208817261786608,2.046857880047365,-1.768962931536999,0.9490607558941072,hi
-1.1395909697792037,-0.42306227277418995,0.6285560692897448,0.2629700647016807,hi
0.274442447158465,2.133330840156069,0.2216308913288264,0.8985957634068805,hi
0.6596873841515535,-0.5391240496960623,0.980297324908916,2.1049899156302665,hi
0.9955660162198366,-1.1733025606761032,-0.17655165094807215,-0.1596058771427476,hi
0.3939782629609269,1.0538931815944645,0.4063461803174321,-0.13823747494690067,hi
-0.21765523174792223,-0.7826891794302077,-0.32254297907788876,-0.4217150255387606,hi
-1.2271327902013058,-0.15550953379366414,0.04996004690673175,-1.5027832407889563,hi
0.21795362792624756,0.9891282729360639,-1.2815326522176536,0.08580194535406262,hi
0.3390266250517315,-0.8984488070001777,0.451055526901565,1.3128194976182481,hi
-0.23049549089985377,-1.2872279573913838,0.31300182578423075,1.7564658768212034,hi
-1.6721399021003736,-0.3003582902199313,0.0795797546233296,-0.41182549214791847,hi
1.1505473257609162,0.6383191248963994,-0.440515354740266,-2.5970098014528697,hi
-0.5405394075855021,-1.3218158197669432,0.12429436479694454,-0.277237217844217,hi
0.04459265710070053,0.043582216847285,0.8041496757981045,-0.5130322105169655,hi
1.1451760503325126,0.5882246600318752,0.8336973077134429,-1.746228236515094,hi
0.12069860469826169,1.2223073707006102,0.4675241193306435,-1.5846017900206015,hi
-0.344897943393209,0.17400632675974298,1.4990491859284683,0.7660762618235155,hi
-2.05937963082085,-0.11594805347403173,-0.07183448475876765,-0.5024672034272785,hi
-0.7799102511716518,1.253968270154488,-0.00761419948676767,-1.2027958650897377,hi
-0.4861418684078257,0.3707545618151871,-0.8468775332312135,-0.16195157383626568,hi
-0.6791605289399345,-0.03500575334544075,0.1588337895961513,-1.0880841813632722,hi
0.20710852589248174,0.16181168464007326,1.4592606211148085,-0.33840767611603334,hi
-0.04016382009967793,-0.361763299806373,-1.5830749056307512,1.7550750578921586,hi
1.4791622431031535,0.19195731158095938,1.3911210140439134,-0.8215087573708706,hi
-1.2562316129240707,-0.9358805441796337,-2.0818341063733796,-0.18384566277048434,hi
0.2101103156576932,-0.06008345395253041,0.22936327855065172,1.1593039712683202,hi
0.41444775164006264,1.3155400651735685,1.3586026783955707,-0.9220555113283146,hi
0.1900221317819057,0.5049925712891419,-0.13544299810157098,0.24748932076673505,hi
0.11578596427308774,-0.3200117419617994,-0.857233789844247,-0.8249634282099501,hi
-1.0144728434957697,-0.48746941826280854,-0.9380407598769713,0.9553018539455206,hi
0.10179144406549653,0.16677201591712315,0.99218188892874,-1.1934827804548913,hi
-0.07946879222261165,-1.620596900126149,-0.6679708824098278,-0.2469388076025082,hi
-0.4380806642313768,1.013088751555526,-2.6616695142691476,0.34581067296925977,hi
-0.5080823005339328,0.9155478705757263,0.36988382775349515,0.5320333744906951,hi
2.0468766466898387,0.5534678945688667,-0.6405591727546035,0.9710738287542677,hi
-0.7740753432283035,1.3655338545218356,0.4522470505879998,0.5285643447011481,hi
1.2242727628980448,0.32375586134444345,-1.61016863759974,-0.4605610100823911,hi
1.595769847512644,0.6018788211665376,-1.974973635309813,0.20702785928298967,hi
1.3235974192054065,-0.614265232651796,0.44890112279018046,-0.299059989455221,hi
0.9580101104747238,-2.300399753601317,1.5074591716505361,-1.9411994520284876,hi
2.100789415397062,-0.03127162907050108,1.7786305191286564,0.5723441803274355,hi
-0.08807437890720135,0.7678929721927737,0.7503981557335904,-1.318246848453121,hi
1.056145946493464,-1.6144285089921273,0.4895831958931734,-0.4459315534256129,hi
-0.11077473607884149,1.7245513843250284,0.7637684386878778,0.8805168999454677,hi
1.2785304127855803,0.6348366479221588,0.2873546246008194,-1.5709973723681219,hi
-0.7916047503155252,1.0686248234126685,-0.7388630626439419,-1.3232428137928431,hi
-0.9462502625074695,-0.16245892243504856,-2.5513095387703553,0.011290622936028264,hi
0.036619145929436145,0.5221996122497528,-0.6583232518023545,-0.8059845934299701,hi
0.674251224142249,0.8326560570743435,1.062536520841006,-0.6893179541180461,hi
-0.3778489654817867,-0.1858834719332778,-0.9616206917118031,0.8353106186863375,hi
-0.2940368397926239,-1.180556797990283,-0.6033724039096481,0.5100303599756083,hi
0.34008896663446164,1.4151072108801175,-0.7022473392470066,0.20421154966026023,hi
1.1306267946039055,-0.6500004273765104,-0.4514402482371882,-1.3001942375559923,hi
-0.03515608789053202,0.7377432810057115,0.5839296992103329,-0.9126524762824082,hi
-0.6223830170721517,0.9889767339352549,-0.9886257579253487,1.1500723446205694,hi
1.0625508582716034,0.3914072370121514,-0.11937917616100446,1.5510357075860652,hi
-0.21231211356960075,0.9377853827792441,1.274635428483302,0.4228372796093222,hi
0.733942108162837,2.4492719775442477,1.1586939486900985,-1.4133402826424661,hi
-0.3344276634262436,0.4587916331874686,1.6278573945660024,-1.4728113931292408,hi
1.1570160433630357,-0.4531949989793806,0.015392593122288316,1.2411402107737923,hi
-3.2327540023436447,0.4009711697660242,-1.495138853173359,-1.5895148926350557,hi
0.12665647328156973,0.5132425059089095,-0.9803621404104907,0.8604225310000654,hi
0.74609824671482,2.325375248657689,-1.302935222750659,-0.8698995356212258,hi
0.633422017612247,1.3661602374065578,0.12407554998224941,0.8610834468242665,hi
-0.31566423931617327,-1.2736911205617674,-1.1355526201014625,0.9160715380136103,hi
1.3032737654815294,-0.8990304580039145,1.471681109092326,-2.0012047652641085,hi
1.9140728567116476,-0.2592145967840621,-0.6362719896796235,0.752398319040595,hi
0.2147714192534385,1.5380647997385661,-1.9918729405284217,-1.2019458636047242,hi
0.2711785458473708,0.07572391342742496,-0.5723566413552734,1.1840066574807437,hi
1.4124281953236169,-0.6069251915366819,-0.5950821174641645,-0.5648024245027689,hi
0.2435455721319517,0.9219988412175387,1.5613884554971176,-1.4894227785036482,hi
-0.8811445042915121,1.379562900298744,-0.9286999566412492,-0.5962748123097724,hi
-1.9250903647377515,-0.4813597025771669,-0.6646180366940413,0.7438587996719727,hi
1.4649333611162234,-0.23031755636638196,0.07895194443472472,-1.5838611900082795,hi
-0.13439493670118927,0.97216813680348,-1.1768705255088296,-1.0220880090896334,hi
-2.6471581560894153,1.1959873428250127,1.6002941435757716,0.7109413838171534,hi
-1.6092441170250211,0.7108167933643927,-0.8060643557795185,0.8788793764756726,hi
-0.5044055878687529,-1.2696180152904388,1.186428051881386,0.1565661852876485,hi
0.3360383400647589,1.1839883819548849,-0.0792018915139028,-0.3034137503199549,hi
0.22227308868818674,-0.8282225642279833,1.7870770619110012,0.9981751664669697,hi
-0.38665970103037095,-0.17882119980332273,0.1152981428536751,-1.7178971524425564,hi
-0.6947939181360748,0.08388323534377858,-0.2176586208520211,-0.6745643554915545,hi
1.2096564643823424,-1.8030103858190447,-1.1827058186762063,0.054378952095538786,hi
1.0623158745911085,-1.043028431307883,0.7600839455029101,-0.3473286216513053,hi
-0.42017752474925707,-0.018490316480258968,-1.082202527099784,1.9039895287778492,hi
0.6600137612142186,0.9048658022129302,-0.12995092219674012,1.569249375842164,hi
-0.3988030102332334,-0.2142442957437226,0.03990474781027125,1.0566092470634194,hi
0.31026071466835997,-0.8017207441687851,-0.22857516186762405,-0.42510166848048025,hi
-0.8499636088886703,-1.1082032478500516,-0.20888829954104807,1.8693248687302972,hi
-1.2187591871376573,1.1064132172067287,-0.46628627980346443,1.1418541595561258,hi
-0.5623570221834765,-0.02446518087744926,1.6508575244825783,0.9213203834130819,hi
1.4149487891966792,-1.703042479732635,-0.8295620144278588,-0.9612325544451222,hi
0.32090488455324884,0.5048826634320357,-0.45923260907809627,0.7367452272809137,hi
1.432602446016504,0.417469388609965,-1.2331608550406072,0.26587434262044324,hi
1.099868956849721,-1.15558825959991,-0.4314883956846557,1.5803133122260795,hi
0.39076624032410157,-0.11848841821018709,1.4765161319836573,0.7641158005825701,hi
0.07674027254757974,-0.47739323152653257,-1.086505555776622,-0.7424258471725657,hi
-1.0730269774604673,0.010602592141491254,-0.2959434931449683,-1.6637975930719997,hi
-0.032195729338955315,1.0536904877728925,-0.36924768434186195,-0.3581156973257223,hi
0.27987330443974834,0.9121536793514005,2.012504268431921,-1.2926107283618493,hi
0.8353055496781798,-0.4007591649523639,0.9596811875239655,0.9078286637223523,hi
1.470790126703107,-0.44709713991100175,-0.44444314981155725,1.1829947263814542,hi
-0.008077307750893666,-0.9359177123231107,-1.005606037573281,-0.5955008330260803,hi
0.8356064327561404,-1.7040857631394386,0.5671928946689195,0.555136642527306,hi
-0.8327600138372855,-0.49938963464549546,-0.14610165267898306,1.5234554973276284,hi
0.8560827091355515,-0.5746999906080573,-1.854924231874581,-0.4711615091932265,hi
-0.0833944247397604,0.1711816647486388,0.4557534638267807,-0.08169182666920306,hi
0.07230777454441634,1.4287128200003174,-0.7259867152046966,-0.25443414358646577,hi
1.6218743768118347,0.23233782002369177,-0.3021502230870819,-0.06553861097868285,hi
-0.14481883819718602,-2.2805634475015233,0.5850962157740053,0.9692444445846385,hi
1.156406985939784,0.1752974832864041,-1.1228926589235602,-0.008542101949334432,hi
0.9769922546664436,1.2381544752330285,1.4404575778126683,2.0795029064657133,hi
-1.1743736413526862,-0.967457142458882,1.3558505945546067,-0.3170847097499392,hi
1.5929714555113361,-0.2873187048210595,1.7745519085036074,-0.5874711279129651,hi
1.2552016118566305,1.900683251202725,-1.0122106680014287,0.8208418562511351,hi
-0.6414948261635387,0.4300013379746558,-1.128726795882013,0.9591744805379291,hi
0.9035763972475495,0.049529970170760995,1.6567345058811536,-2.194410583059769,hi
-0.48157339936613097,0.1619982276648794,-0.19174022144458616,1.2556149314197924,hi
1.0846407366357447,0.135409814733179,0.3373356188320049,0.6310454694957504,hi
-0.5032700148262843,-1.5699982124822105,1.255225491632189,-0.662860539819442,hi
-1.2652631143617485,0.2130044774867212,0.07835350154573432,-1.9915398614400905,hi
1.4534753320610365,-0.5058275735961615,-0.6916066455803842,0.21465010441404933,hi
1.5701350616654044,0.63654728024845,-1.5152922062310477,-0.2277945701987476,hi
-0.08049051357535907,0.5505080166363703,0.9281231850669112,-0.5635208824024835,hi
-0.977986662259949,-0.44332946373081034,-0.3901281066701431,-0.12181977158842346,hi
-0.053785575783615806,0.041331480454562,0.7203168314775746,-0.5955711445039635,hi
0.053181163100772776,-1.996807836572538,-0.6175440550435477,3.596200670126503,hi
-0.6639738558022725,-0.9653703882684855,0.6520716181636781,-1.2097837525596433,hi
0.5033258775483034,-0.7180319704383051,0.12135090861964602,1.6895218710878266,hi
-0.2029018927957055,-0.9664431530685929,0.8131148758011142,-0.07044403743011313,hi
0.3965835975650143,-0.03510807198151898,-0.1402583345966012,0.2768543975227058,hi
1.1805420569578973,2.30476009244159,-0.5033986794940173,-1.7921143150604026,hi
0.6417334733130651,-1.0383922730011377,-1.2014727430111558,-1.4194831111083068,hi
-1.4583169430817098,-0.23951552856699954,-1.3435104949984145,-0.0849618248631938,hi
-0.7130016795743299,1.0290001747708475,1.1895278913348244,-1.172039312416541,hi
0.10795693785391575,-0.7070858236940335,-0.9879493220031346,1.6339750314237163,hi
-1.5163114776502293,0.04940127818389937,-0.47165634780388416,-0.018288300772290062,hi
2.874074774496601,0.945931150703117,-1.3685031246007704,-0.6418322925011988,hi
0.4768279842599502,0.08219649759553431,-0.8852818878760325,-0.35908132940866155,hi
0.6145930475994217,-0.08991363524508393,0.2539196944542478,-0.10539866869224145,hi
-0.6341621932698316,-0.8717769651124629,0.09076948456154513,-0.8035121575671558,hi
-0.8071920178841555,-1.8589961647156366,0.07865365720734553,0.32467858804204613,hi
0.2373706646674807,0.35584623372851476,-1.6177423215501539,-0.2765258813809864,hi
0.7844181268036501,-0.06513804956490839,-0.6537146869736972,-0.21036580324795634,hi
-0.39663929410683674,1.3155577944926906,-0.7055828323501963,0.3033738670747905,hi
-1.993843078437336,1.9372122883970502,-1.079436283090184,-0.01347925391587247,hi
0.7665450764959068,1.062113061805662,-1.4237293025228714,1.3730368295992852,hi
-2.1558297140564613,0.19598797104358248,-0.31561453355458124,0.42347603114539245,hi
1.2372797984228614,-0.9095638932258531,-0.4497449061447398,1.9985974191589375,hi
-1.4435572439027746,-0.239657653795348,-0.8906210682851989,1.2512855923877877,hi
0.17555389277995984,-0.3900789581737695,-0.5343366131417799,0.03936028192570737,hi
-1.8815802849819676,-0.7021380188060435,0.5313382485463409,-1.0657930012326862,hi
-0.7856510940567638,-0.03911686682781911,-0.31855185672725117,-1.1848635243862127,hi
0.5541012625349445,-1.8037127368007821,0.20420890223202853,0.34343416940421884,hi
-0.24710927420956427,1.0162971358516986,-0.8767965071300408,1.650651036525648,hi
1.680456654294525,1.0503625567578065,0.7665529878018045,1.2950580355779133,hi
0.16910882505171704,0.03920888723410414,-0.06391349968531043,-0.5982003867347654,hi
0.14974415760682538,-0.5269526365843749,1.1697608544537859,-0.2723019567238931,hi
0.3082242893220543,-1.7460177527652643,0.004244136031624317,-0.9097824639079328,hi
-1.9149300105696583,0.07784453051090807,-2.46392807088956,0.6233035225655029,hi
0.7991139266060293,0.7893418016312437,-0.4212981494389283,0.365426468034031,hi
1.5760443339348869,-0.4763198651603612,0.0921579404778948,1.1713733472731185,hi
-1.0868813028200273,0.8180163500447335,0.08557083623992479,-1.0872447604171993,hi
-0.8068736125617153,0.5691926636931504,-1.1412181317448544,1.6319545301013834,hi
-0.538000808368792,1.156011133137378,1.3635894848489776,0.11937095406563832,hi
0.27231128201880195,-1.4021092031055078,1.2408203268243765,0.8608112178567027,hi
0.8211849924097844,-1.121034710126755,1.0020821294240674,-0.18964372812569952,hi
-1.8325866998670277,-2.5920684263261804,0.10796899463954746,0.008623052964842285,hi
0.34525049634200783,-0.22364777316150525,0.805248951859915,-0.5028714505919034,hi
0.8296070339849241,0.7108609092599095,0.35441268140167287,-1.5860417901929291,hi
-0.3329594934122887,0.3161469484001985,-1.5934092089416843,-1.4978867357464931,hi
0.8311070083748274,1.099897883784971,-0.8657463986171868,-0.7719955891646423,hi
0.198218909115093,-1.2899379568117648,-1.2843023344157443,-0.20827767053801968,hi
0.6155169257953353,-0.11056050494272164,0.1789046591530368,-0.4197994165758113,hi
-0.7549762831285626,-1.1262076476574414,1.318173016068034,-0.052684563796556554,hi
-0.28553348778428816,-0.5605742766033984,-0.11024969759377634,-0.6099453310531174,hi
-1.4610443736593803,0.6727137154116846,0.4121434532428677,2.1441078111172516,hi
0.4322048484740485,-1.5545538484648513,-1.2084009278136998,-0.7110831708927279,hi
-0.34549930833670556,0.1230736342669241,-0.7513442941473962,-0.36512831238662546,hi
1.6468801335745484,-1.4968769567146043,-1.4451205037581276,-1.0559706044833852,hi
-0.24364864343495793,-0.21735035447125417,1.2097229704536987,-0.2707634876484299,hi
-1.067988225227015,0.0848608195053111,1.7492050931606185,-0.0824003798662472,hi
-0.37114686046681494,0.742019005657907,0.17175088172700834,1.7572188490328449,hi
0.24840148641197715,-0.6605776484755443,-0.9344015965336535,0.988715440724699,hi
-0.8883648910825802,-1.0650532508530623,-0.45309331852133766,-2.471334399850285,hi
0.07519449431312614,1.3416761106526598,0.15663512233240495,-0.42591229846991013,hi
-0.5555764612242596,-0.45882087140369854,-0.825073381959944,-0.5137892730654262,hi
0.11814073270029708,-1.375168900609309,0.04145350697417109,0.9412511726957408,hi
1.262351779735874,0.720581270845453,-0.6866296631568284,-1.1372774503146,hi
-1.2884318908042032,1.0696584909585247,1.4324382678880394,-2.024783473563165,hi
-0.005881506161518697,0.5915987981072732,0.24099712140424606,-1.223505445223139,hi
0.5550598433658397,2.573653336228855,-0.6444107302903667,1.2900951377606122,hi
-0.6667884870103264,0.3945800077528644,1.4588754372070905,0.5150273542185049,hi
0.5409161055956104,0.4853709954507873,1.7254143273011762,0.683021123428575,hi
1.1591183295773915,1.9094061767427706,0.6219149925969008,-0.38548065624201233,hi
-1.4837380342099127,0.2527897219684531,-0.16013472017362024,0.6656648393955286,hi
-0.7627769617515251,1.0038176637012926,1.9298939802504684,-0.08203420673283346,hi
0.9094101718753966,1.531405000743278,-0.6386550461773424,-0.05847917857082499,hi
0.06663865234426392,-0.23305976011216636,1.1407607818830314,-1.546801857759171,hi
1.3708103975718038,1.1162902394741383,-0.29128797437058856,-0.7713327599651308,hi
-0.22240438871667406,0.28780505128770173,-0.20426966172040079,0.5152392532197801,hi
0.029877578415226754,-0.818394247547419,0.7219668649576714,-1.1130084609381832,hi
1.1626911049982829,-0.19175421729503458,1.797989569024124,-0.5007654719746301,hi
0.8070362825694102,0.0585656631147967,-0.2774831494373036,0.42107781891794244,hi
1.0769845793015294,2.8956554755116515,-0.17101908697434579,0.5897081389463071,hi
-2.196330310590911,0.4663286103507167,-0.26196693749125227,-1.4555922977653235,hi
0.16803474900601684,0.2685543460797877,0.32234998337404686,-1.1556513673336255,hi
-0.06672097792469364,-0.026581708390388266,-0.3384855406364711,-1.1342112313941801,hi
0.219683389684097,0.757827346927603,-1.616975662146545,-0.5084440533702662,hi
0.46516090612496663,1.9839657471915793,0.9249982074173224,0.5768773077512467,hi
0.23816929427862196,-0.06880012756674056,0.9575349698204537,-0.30972506217185597,hi
-1.683390334454179,-0.5201390001201224,0.13065035745423095,0.5374123559028195,hi
-0.4118246504449417,-2.1916435794824567,-2.695068509671984,1.5747017155393899,hi
0.307297202798998,0.882109318415028,0.7370413532990873,-0.33847221363509983,hi
1.133774361043052,-0.5609030402302606,1.0805617556433327,-0.32088778849938604,hi
1.24662550414967,0.11289219475111292,0.6757884995688135,2.0832270972165765,hi
-1.3420074891140188,0.9014555372655065,0.4455535752921063,-1.9553596736410033,hi
-1.272152994857787,-2.194390490405268,0.21188447356140577,0.5301272623950428,hi
0.9587599014911817,0.374266798037257,-2.075983600774691,1.8397598537108966,hi
0.389204715557937,0.4483078021576314,-1.479005305851401,1.707709876549536,hi
1.4401953124509377,-0.06374667865058727,-0.2910944511260426,-0.7365095465199487,hi
0.7632070500730501,-0.10809724314455633,0.12651551295220592,-0.2744876289941782,hi
-0.26896068455949523,-0.17775761548993563,-0.7415712361074401,-0.650396084494808,hi
-1.2042185553736136,0.4200197469461599,1.0965866388827252,-0.14747752004205902,hi
0.21985813395270654,-0.0264664985219597,-0.19077397681014582,0.3502098849824665,hi
-0.5376320319598089,-0.4974489380588021,-1.1187208420172559,-1.5294706817980934,hi
1.6001477022002186,-0.47713247069312437,-0.9501366794214189,0.11610409148952339,hi
-0.4456929063157888,0.6372420683641943,0.891719599067952,0.35062039129129074,hi
1.0746617445311928,-2.761861055060024,0.19967156939644357,0.6022550983072267,hi
-1.0331921130561812,1.1609307361925085,0.991224802288293,-0.8146598083281498,hi
0.741760123411059,-1.1959316156011206,-0.3946840250936558,0.26993979995909423,hi
-0.11000819167442039,0.4563587742426129,1.2954581210899854,-1.6118977072896084,hi
1.2597759361089784,-0.7854527752666859,0.06127911923263152,-1.4833576624954876,hi
1.2273435978449443,1.2497101679660199,1.0045232728079092,-0.14391262376678965,hi
-0.29607554271090103,1.05051670421188,0.21224206218983055,-0.0959746871805761,hi
1.6832616687408704,-1.2790844627218727,-1.285495516354053,-0.862277831799173,hi
0.7095163118720018,-1.0556875421600682,-1.0425974646452685,0.5857403832879744,hi
0.7293946096659116,-2.0711593247036877,-0.052339999245935104,-0.29482764489457436,hi
0.03430132844540707,-0.07920972784110235,-1.3471155197535671,0.533493714501945,hi
0.06994584539100929,0.9387518066899717,-0.17841487377199827,-1.0398590234141418,hi
-0.4632701335943179,-1.6572845109009386,-1.5707115721699672,0.7535264369833296,hi
-1.2838963785729387,-0.9857674411310559,1.906848124123763,-0.9309809325304949,hi
-1.2058536816629835,0.49285793291742364,0.6393025288970119,-0.7926217811112529,hi
0.03243660250491174,0.6566227511475015,0.5194319847308656,-0.6325696440068174,hi
-0.5902486388588999,0.7000179748792564,0.9863605673244834,0.7203137906772245,hi
0.9996288870022586,0.8138839177744365,0.8678758447862489,0.9499236275491277,hi
1.4690706848565294,-0.11432817580328955,-0.5505287862110178,-0.13829553778236767,hi
0.6480426108389724,-0.5230262661260027,1.064527267881118,-0.2613173935437096,hi
0.825991722918911,-0.8887920492804019,-1.1140730213059866,0.7480404510066173,hi
-1.616980593989216,-1.551477923221246,-0.7420771133032151,0.23024503605350838,hi
1.5242626916554056,0.8494749398781282,1.364886271226942,-0.7287469255717767,hi
1.1151355213269636,-0.3533308974522273,-0.9325447513524441,-0.8362054006017385,hi
2.5237720032306057,-2.6598374901894353,0.2831224890971094,-0.16664020664814894,hi
0.7023406731712509,-0.2617467373136711,0.3498299471888834,-0.5063168263084012,hi
0.31333660029458826,-0.03202575337750775,0.14388973324996843,-0.8198479348656569,hi
1.580504998506257,1.0473413293779372,-0.043241950574920265,-0.9823598139179193,hi
-2.1109042983400923,-0.37280691664473453,-1.272841415508783,-1.257807294459263,hi
0.21766759878274344,0.8829755865996741,0.0009820750759376733,1.3955769014009978,hi
0.02084415667619682,2.1043113925305432,0.04436856559463289,0.555009974703792,hi
0.18127699263025704,0.9647932660343741,-0.041122011497494795,0.277509345427849,hi
-0.5176776904376704,1.931586437938394,-1.0492557679722072,-1.3545072393242028,hi
-1.6194591973597787,1.5490060218433275,0.5874127066678397,0.617207985493516,hi
-0.4436807258619094,1.0175137861572956,0.9959573589402657,0.17625964155361168,hi
-0.18227346386400528,0.7558731607522491,-0.25388715077218343,-0.6322917039869638,hi
-0.47898051105121253,-0.45981812794326105,-0.7358770276562264,0.17036464972509413,hi
1.6891217418062145,0.22351362839051217,0.03703746305021106,-0.3183586671371789,hi
1.1360932293796193,0.9864417680562222,0.46292375692250703,-1.0190165068100698,hi
-0.4116350847666184,1.0945442317556484,-0.34260456364004005,3.0476895605110714,hi
0.43415430983223446,-0.23749336913661762,-1.614398304483285,0.39812532915388793,hi
-0.3036572440862163,-0.20252940233304062,-1.5217631656147692,0.9322817895017285,hi
-1.3563592003219163,1.1826024737661118,2.5833821879391508,1.2423589736006624,hi
0.07117368658267767,0.16889164157544012,-1.3391645727358075,0.049944526520265056,hi
-1.5185488300282657,0.14283939131139575,0.5384759427294251,-1.1631320021326106,hi
0.5147207892834713,0.869545527853648,1.7199744669473094,-1.8468691145341598,hi
-1.3219858601394527,1.2516445418112296,-0.5755372646052506,-0.9566923373166045,hi
-0.06758781050665962,0.9289494710258376,0.01485059859380892,0.21150791616741887,hi
-0.6350165763015535,1.6491355787288096,-0.5119876222153369,-0.158590305218816,hi
-0.03592513733957583,-0.8522515540747169,0.021997524699984207,1.0021439497147298,hi
0.11324424357486661,-0.032110374095409636,-1.1904967744757142,-0.7082323502876501,hi
-0.1038505552289149,2.1436500390661974,-0.04984392904292909,-0.9445118339170804,hi
1.0629298426607017,-0.9190503825099773,0.5860251155061351,-0.6055267873628368,hi
1.158962195336705,0.24590723036212553,-0.23491676057809485,-0.3801769407534158,hi
-1.4107519427573219,-0.3303214574406559,0.00696995976973842,-0.07675635265224025,hi
-1.18185376550773,-0.48378917428022605,-0.21033599224653263,-0.2844605730489941,hi
2.3552839024675154,-2.3693020741872948,0.9347007875045641,-1.2556344203326866,hi
-0.2507000168322722,0.10631422030536328,1.5081166085910758,0.11078271162988221,hi
1.2926126137377025,-0.3114239887339001,0.1872556012740072,1.4126717905036368,hi
-1.4747574398506347,-0.5006998276763364,1.6877651160177023,-1.0189384498365694,hi
0.6281616166557802,0.43534283079996156,-1.003595947353373,-0.05701115963201028,hi
-1.4291710597894036,0.4727540895884597,-0.056254195435209355,0.28125386565493926,hi
0.6081091685336272,-0.2946582408242928,-0.34158356311163945,-0.00462148382266462,hi
-0.6343406150792875,-1.1732960637006,-1.6353827264065999,-1.3759145471681102,hi
2.301925920554666,-1.136378992481685,0.21869074612663503,0.34627948099755745,hi
0.5885939866623423,-1.1952863185736586,0.607426503147979,0.5345336559105821,hi
0.5805485348478113,-0.30422657780071255,-1.2841443041500027,0.6417071386496079,hi
-0.04670663525065723,-0.5725841058928364,-0.7499570040769374,-0.7045017444468558,hi
-0.33606621666283476,1.4336135352617323,-0.30362444379429876,0.9771763971110593,hi
2.4377990649499535,0.6298911195949038,0.0650887309897384,0.4248788258711115,hi
0.364329572886509,0.21713198485088475,-0.9506188217251325,1.347949845177421,hi
0.7063664911863459,-0.3069671449230899,-2.0349918197426105,-1.749407380695502,hi
-0.3203530406749807,0.9257304466504851,0.2179451279615681,-0.21956149186481055,hi
1.8984410368774312,-0.6333990363442982,-0.596783420541485,-0.8281644138614289,hi
1.696193954711469,-0.2085018368085363,-0.3849203967631068,3.4200346682257647,hi
-1.0228806045207475,2.9364562819443,-0.19527650324196158,1.3144720698470251,hi
-0.2043536320578346,-0.5073538854963872,-0.1995237757692706,0.8906309807636885,hi
-0.49362484220063796,1.4980211017884046,-0.6081949053403266,-0.589593115069253,hi
-0.3247484582179367,-0.5533569286777588,2.197908207865188,0.23859145676282445,hi
0.7860181844942199,0.8637314293614735,-1.0248789119304573,-0.28330369583248943,hi
-1.2783939165912508,1.060258657192755,0.6092562527309276,-0.37775404961270376,hi
0.09560260366160866,-1.7375964839563998,0.026831644750436586,-0.4124669157504501,hi
-0.21260154440806847,0.9534458550031097,-1.2583133439584568,-0.8187417611362392,hi
-0.1766961701210494,0.9233518453149633,-0.07109167254029956,-0.25274168507626277,hi
-1.6759223057089074,-0.9236119873615956,-1.8139301882652275,1.3801177197568315,hi
-1.1140640266356656,-0.10761857003910419,-0.8748625431129259,0.6709848243071687,hi
-0.12287327305699264,-1.2948975303234185,-1.3689112104591068,0.6834072508139922,hi
0.5985450369136198,-2.175758379110736,0.6104564194072694,1.2076601989091982,hi
-0.9632995947422766,1.8187897119769167,0.23938382840012942,0.871411771183474,hi
-0.6483321901777662,0.7480593005985233,-0.2862952123355403,0.1276459589956919,hi
0.2090273041423603,-1.2915579040444352,1.7899941169811777,0.6086893263649666,hi
-1.4949443042141564,0.43469569503480987,0.49838719627397027,1.5510581081508317,hi
0.9177622475633275,0.17452410598192597,0.1390290962821714,-0.13349758459832062,hi
-0.46607791529918546,0.847852068036022,-1.5028650883540773,0.4899950518065492,hi
-0.022542521279016105,-0.8959267281789325,-1.6196362356259675,0.714935987069146,hi
1.6278345056223738,0.5021308645691285,-0.6849464276795718,0.6282740231631095,hi
1.7297930145543885,0.6299806361209941,0.23983420805461636,0.8862942902099786,hi
1.2086676269788217,-0.15824433618902464,-1.2433384488906962,1.0187881015913096,hi
-0.8660457149731897,-0.1518200190577013,1.3161171006932884,0.1301079117868853,hi
1.285486068389003,1.3015769640907369,-1.2962612059307836,2.26297072880329,hi
-0.23001634130310558,1.0732208207769907,0.8009277986280863,2.5913981142422156,hi
-0.20078083731944318,1.8388838436472659,1.1436344892056907,-0.0487471208007061,hi
-0.19128668098672647,0.1392672281505039,-0.6733863632171823,1.0183045458288829,hi
-1.7500410074197479,-1.2185365841074496,-0.1784971233658961,0.7016879495694981,hi
-0.03216226340441269,-0.09776127680392398,-0.5563711473385361,0.30463539817743535,hi
-0.8594225772397855,1.693910231111398,-1.3515471094092968,1.466556975886708,hi
0.14417326706847353,-0.32175609218324613,-0.62260288389681,-0.8723085393987932,hi
0.09607266213578985,0.4588054183093731,-1.359976482230816,-0.2237062458437772,hi
-0.9883534274557737,0.5834988207242624,0.789003581146573,-0.18080455999268577,hi
0.2686260165081918,-0.7943301225275546,1.7461275394266922,-1.1124810294519805,hi
-0.3393721257402781,-1.2487359389166328,-0.4381249951384798,0.7197534864718941,hi
-0.26315486379567693,1.2475525400716367,1.2495114779556582,0.4664121485897986,hi
-0.6012042353570297,-0.7020283250155633,-0.9988526488808993,0.7792367583343595,hi
-0.6175839926929968,-0.5184902074767348,0.7956435748653471,-0.998965382557663,hi
-0.3124153962015314,-0.967235691829434,-1.8317481352371312,-0.4337256296527277,hi
-0.9277571453783017,-0.43612370605051726,0.6693755163451122,1.3829357475836705,hi
-0.286113874694511,1.8267183634115742,0.34290632851301556,-0.32714518766155143,hi
0.7279042338454075,-1.7655097549489778,0.6486261792740108,0.16919841796574037,hi
-1.1288999292764206,1.765034820767426,-0.5449506439190773,0.4083789067320744,hi
1.1913755081038147,-1.896089859287809,1.2617004022015534,1.2238254529234798,hi
-1.3967556359210989,-1.0616519537636988,1.087577603524829,0.07453421639213643,hi
-0.27570112651668055,-1.8107628655439707,0.8549316921183927,1.3270039329000092,hi
1.764613785470714,-0.2178302505108014,0.6154638407989668,-0.4738932047228905,hi
-0.9351698927644383,0.9876126489435239,-0.36763112395813785,-1.3510612916421054,hi
0.8122722917457917,1.2395842769239709,1.3038689144325173,0.5000630989373697,hi
2.2604541376380856,-0.4489120747505107,0.25397883537395083,0.7964315947134549,hi
0.017085335330424275,-1.2649818530156458,0.30699955561219366,0.7741897476620334,hi
0.24324832094639476,-1.3298261919971854,1.0310993095003425,-0.03811679818503423,hi
0.32393638117249096,0.4567143752555852,0.8000422955374688,-0.09355601422182144,hi
-1.1225393340320788,-0.46615563635887686,1.0941282505770389,-0.7118664176433296,hi
-2.0283264604086506,1.700281974717663,1.498794201397943,-0.7396452131854443,hi
0.017950704192778145,-0.5802523888578925,1.0556693950475844,0.42258511512852776,hi
-1.3494257956980604,1.3321867970898962,0.4195782831033569,-1.7363832084811497,hi
0.023605728179346766,1.0898832429921663,-1.2939898932448475,-0.9532030678592032,hi
-0.024814080907955765,-1.4007699626440204,0.23875226476993736,-0.3624134375244067,hi
0.44326008119427257,0.3909690681365685,0.7698576012336081,-2.0659803790848947,hi
-1.6941150332890746,-0.33155256446442516,-0.8924823050297915,-0.7326574661522953,hi
-0.15280424461227746,-0.28853414367985686,-0.09850776638658432,-0.5398181940322694,hi
0.9855494776675484,-0.5479660443896941,-1.8485764353563585,2.013033891529194,hi
2.0969730151571673,0.2469725282688258,-1.268092987905467,-1.713621466940205,hi
0.1940921165147069,-0.011460472670674661,0.4196655514520671,0.6856453303596814,hi
-0.3645861765457951,-0.644901939289964,-1.1833776954848974,-0.27265953358227224,hi
-0.1686452257192113,-0.5493054780229405,2.51525174913165,-1.2451305473134302,hi
-0.40029894071137245,0.2840225768845721,0.5192983091348792,-0.18347694685399338,hi
-0.6574142806035522,0.0015683140806089994,0.42866254254227476,0.06348407351960922,hi
0.185490089740844,0.148265578704773,-0.6591323155231735,-0.22007362370570144,hi
0.3122304433097533,-1.0578224793065183,-3.243910550056654,-0.43245032063248534,hi
-2.006367137428053,1.313177098741904,0.9038695688811776,2.111473294580545,hi
0.554207291569478,0.2405528372340431,-0.2136872420262911,-1.119129743787317,hi
0.2500971306067185,-0.2140572643017559,-0.06199142834011324,1.5384467541239129,hi
-3.09825391628615,0.06112285721951053,-0.9541221454132562,-1.8766810269627623,hi
-2.285771352708142,1.814362231564522,-0.20143209026061143,1.375574730839143,hi
0.6888805397723112,-0.7800548344369723,0.2913176004385214,0.39886277668645753,hi
-0.686414441526026,-0.6903858710550668,-0.16585151870878112,-0.9400187683824999,hi
-0.7707520778063592,0.852939039378609,-0.14756542857067792,0.6352922408406869,hi
0.04913641677028694,-2.4148622401209825,0.25205800049309257,0.9630293349078035,hi
-0.6708293067875021,0.28518476877050436,-1.7942037904957675,-0.07979298947905217,hi
0.7409504920755376,-2.3058957508886455,1.704983000914505,-0.8988902104546266,hi
1.4473270208312798,1.15516258503681,-0.04139001473145756,0.22986774204687502,hi
0.24366636998305718,1.6451716809974501,0.7833620644401875,-0.9302747320991128,hi
1.8965429626926054,-1.0356437261379265,0.8378814673309352,-0.8767789922115674,hi
0.8205105675127997,1.143319091322219,0.34070753668664105,1.3231956407706769,hi
-0.5309236556391824,-0.3273731667315824,2.0123192633589033,1.1073067876769491,hi
0.6041717432316244,-2.3051869810363397,1.90866494480058,0.8194357666904943,hi
0.6527709806487924,0.9334328586470428,0.3984972540611849,0.0002477301001320816,hi
1.6180558950561077,-0.5764432206308406,1.1221631325447103,1.3322362607230158,hi
-1.7417080571214931,-0.40394004561680324,0.051476027239674184,-0.9941882386232817,hi
1.1592834805392263,0.09842382321875906,-0.9834301584474892,-0.3773950342541147,hi
-0.6686633499185903,1.5514253321973377,-0.5935294553388905,-1.7513928581604055,hi
-0.574562179664609,-0.4507050519895735,-1.2961235013430576,0.6535661215064501,hi
-1.922786679433423,-1.0284077703598278,-0.13818236308703905,-0.5611510014053059,hi
0.7469111617837741,1.1632129499948434,0.18418352806430094,-1.362522082254139,hi
-1.1967211002409475,1.3054817826370453,0.0647553247322949,-0.6726741737397243,hi
-0.7060614392588567,-1.817072641470154,0.9934271225713927,-0.0953461100653553,hi
1.7124262342955048,0.702976490229867,0.0960694653124087,-0.07174627529930915,hi
1.101438609092328,0.4361574580504849,-1.4015134230296449,-0.4023442592603257,hi
-2.2826035948343297,-0.6343902793183692,-0.3494490124741677,0.46839338352544124,hi
0.5230620847220271,0.9252600905609814,-1.2745549731735735,0.05765348949937668,hi
0.6621758127232136,0.16230154762199137,0.2913660485791656,-0.3036728123025684,hi
-0.76311613744628,0.6840653700490604,-0.5085178841419546,-1.1088733978831058,hi
0.25109411715899094,1.4753339619731378,0.6406273685025536,0.6823251809202451,hi
0.8054363574676934,0.9991814914421375,0.9600903215141344,1.253580439426032,hi
0.06270112243677604,-0.08265791194446037,-0.5353316813833545,1.8088672898413665,hi
-0.5341854312076064,-1.3461742986765561,0.4654145674712105,0.9599590218905271,hi
-0.7578471772695095,0.05686697907561993,-0.047734493045893785,-0.35281529473509127,hi
0.8111220610801124,0.5157887030465241,-1.671441123809091,-0.0929254379970359,hi
-0.9212176928839519,1.2397010728625277,0.18533293012230045,-1.999648850077555,hi
0.07848708379832317,0.35776405950579326,-1.8613335899421823,0.7971428588474075,hi
1.6745134187900756,-1.2429857200566692,-0.4505556802943656,0.3615607574714313,hi
-0.16146077460324026,-1.1333720814180681,1.9573637578548377,-0.5370766075954699,hi
0.20219414995739762,-0.1516332335685174,-0.38318560678712044,0.219222739216879,hi
-1.6307382551738545,0.35462614312690816,1.1033029307706528,-0.7790995616265771,hi
1.0819135750049549,1.5906744582469914,-0.09502217443220323,1.1426511858463009,hi
0.9625614227969065,2.2590679830355267,0.03203836951513768,0.20019035564844703,hi
-1.8427047225898474,0.4248783770971817,-1.861285772884436,1.285935999123944,hi
-0.23016380120355762,0.8132924094282085,-0.37630406832224567,-1.2312105994222446,hi
0.17736580867747184,0.6402335172846975,-0.07806295035466086,0.7525161160632234,hi
0.4462974247719075,-1.6643926143638428,1.6888062136950945,-1.0669551056607474,hi
1.4367562966539085,0.5271348628336753,-0.3248137490388757,0.46445254477841064,hi
-0.5850452358405608,2.3206655923958595,0.45607671187965476,0.4938097670795593,hi
-0.15035677344667567,-0.3111645621306038,-0.8159214533694878,-0.5796950998860818,hi
-0.0640735251908479,-0.8493863678510429,-0.5524600949487676,0.11288644404987078,hi
0.11691139298383155,-0.17662162190839836,0.5453406556815964,0.8122159770191207,hi
0.6122687350352531,0.6992320846891039,0.2055597792320307,0.44116368276680257,hi
0.4993875489629113,1.292944225501087,-1.5686576289851688,-0.23881326924779686,hi
-1.2832847924249917,0.5776533903804081,1.5886056956276646,0.033507715336573825,hi
-0.39754576769025257,1.6726929091719647,0.8074390945063775,-0.2019878499350899,hi
0.5319962391510884,1.056092209501065,1.4305025431409522,-0.31480564143096995,hi
-0.2581008596831818,-0.3760998545123358,-0.03753507944632508,-0.8283507027362711,hi
-1.364338994113824,0.8307983953513232,-1.5559092116322475,0.9230975757042459,hi
-0.37465133171109877,1.3505697499796256,0.8887724412259594,-0.04866890690536967,hi
0.2204773774293247,0.8105124008144232,-1.0998634038472614,-1.512004482379789,hi
1.7707817390349203,-0.24004329859939924,-0.9412741686933529,0.24039052062454933,hi
-0.01741036900589952,-0.23450857353814944,-0.7133498422741842,-0.0670833645253462,hi
-0.7825669292770695,0.8208135237146582,1.508076413211909,-1.746850776041869,hi
0.7778475761269654,-1.3149003665379393,0.6776338731428703,-0.2000335851315023,hi
-0.46657086784228535,-0.9164906267954005,-0.13796782274020675,-1.3426233596009214,hi
0.8052042801322322,2.044360261229171,-0.5576461900029741,-0.7927597015716519,hi
1.5937087095477334,2.4115731061198344,-1.251018540035826,-1.972184393300326,hi
-3.078569193369332,-0.6443260947422734,-0.5611634538912563,-1.7101235671175328,hi
-1.041900125442281,1.0939424170906764,-0.09327641488806296,-0.07315625346527099,hi
0.061797280491960836,0.894865099937608,-0.5369705853661965,-0.9817725728771745,hi
-1.134838956932232,1.0087424459543937,0.24427643781670205,-0.6521032983748978,hi
-0.36347021994775125,-0.10364803672813398,-2.006263428138421,0.5498575134771636,hi
0.35276860122869347,0.08497267883454993,-1.3210228112576095,-0.9547806562923838,hi
1.2588275903463737,0.6750559189766451,-0.05670360227891856,0.28058484436339587,hi
-0.4155648790526536,-0.9179815615601588,0.1301365941038687,-1.3704063993154476,hi
-1.057490245928452,-0.7597708638260287,2.3295537008855423,0.13945128515107139,hi
0.4637445533515801,-1.3330145208612245,-0.8843037393740723,-1.4833460122270645,hi
0.03225255062196204,-0.5141881832818674,-3.0570495319379636,-0.08286048490138974,hi
-0.6128702267072407,0.4263195666281612,1.0186675916522736,-0.7342577071123024,hi
-0.69528069073994,-2.319578765141152,1.0643117567315254,-0.2769120483178545,hi
-0.5172779014503031,0.9939752041531233,-0.3928723039931924,-0.7280415981424074,hi
0.24794378957245464,-2.016551159952123,2.363326061668791,0.23848058876434594,hi
-0.2806275812823866,-1.4155233458997465,-1.3313301058365197,-0.6170041125377269,hi
-0.6273226866703661,-0.06363318481637624,1.8994919533795827,-0.137051506066691,hi
-1.4084431511240796,-0.7442776862698861,-0.07564734701836241,-0.12853917847407892,hi
0.4725950965507338,0.033374734465840765,-1.1619419239021453,-0.7837223097771681,hi
0.8562549733582983,-0.5346988713139915,-0.9292914220627826,-1.402140205655592,hi
-0.3400241291197895,-2.0759170973679577,1.0599852905971507,1.0565769926568642,hi
0.17043305796676386,-0.17872358673096678,-0.39791093413509393,0.07758901087141337,hi
-0.9949632079232799,0.6791349939265817,0.8039337740195266,-0.2865550513173196,hi
-2.4232519647006416,-0.28592295744573615,0.06625458454637083,-1.386552328691176,hi
1.140386489287611,1.0351308163625743,0.6262459213400114,2.311738518666305,hi
-0.8107349891827622,0.07991702095551788,-1.0847433407989233,0.3866217109134822,hi
-0.605501830052976,1.5316146587239376,0.01472380922293443,0.672997194789926,hi
0.472181289873252,-1.5224056525554994,0.25636945889164764,0.43946668067654315,hi
2.005836675466818,1.4610139893062815,-0.0804629171668463,-0.05864065749928613,hi
1.6390903915743615,0.5168666342397356,1.071352887951276,-1.5757167350802497,hi
-0.2745578426931617,-0.33218784698914444,-0.09921694664669799,-1.5508328426504001,hi
-1.498408548936034,-0.4311850303275908,-1.3833321801023544,-0.6480448085532083,hi
0.22745634072625023,0.3471596827393168,1.2369714959984501,-0.16600129976460243,hi
-0.18217126976467285,0.2994082627750944,-0.9073474460717861,-1.692057412775946,hi
0.5238318107418587,-0.21334510084518854,0.31015660355168956,-1.4174784165344483,hi
1.4990130116780969,0.4785672678311642,-0.2834461252437411,0.7222379654764761,hi
-1.0508420310125484,0.9847097777482228,0.3935519617820121,0.14168682041032346,hi
-0.010101675743649109,1.3240914301699107,-0.0703522636081535,-0.11034867524288597,hi
0.36616833177529884,-0.5505152826216873,0.8782060480307528,-0.0725739760505545,hi
1.4771360591835017,-0.8874528062678874,-2.0686348321648604,1.0716936116598375,hi
1.9204880574219088,-0.05498054372008874,1.0935639002972415,-0.32419706240937596,hi
-1.731725046575196,0.08836350074931207,-0.5775621373938634,0.9256192090583807,hi
0.9056320693711353,-2.0781204582952797,-0.061283263868790946,0.40052771898970874,hi
1.2811194847577663,-0.3817853817953206,-0.7733282678006065,-0.14034288369683,hi
1.2492108493508702,0.5848707043503373,1.0143111198346813,0.6326847542349676,hi
-0.10278437995203285,-1.363080009003969,1.4710218966801443,0.7578938349751655,hi
-0.9580280774874305,0.9101241010103283,-0.628358515091484,-0.7208054312544899,hi
-1.121863413896972,-1.8140607182595763,0.6985636383572693,-2.035952713222899,hi
-0.7608495466822672,-0.4853431960415128,-0.8187496576499079,0.2112518612288325,hi
-0.7111422335321511,0.08738892210517561,1.2260766745915093,-0.39536584937538494,hi
-0.005405272335546264,1.1829140897122112,1.3057489047608724,-0.4714544029216079,hi
-1.2824964783722135,-0.8412310431173051,-0.3835402049038237,-0.3743837468914647,hi
0.7059449545405998,-0.5213223440144148,-0.6168523422761913,-0.34852845330981946,hi
1.6599782989992822,1.3384765752481762,0.9954051487433707,-1.4268045542256154,hi
-0.26986425621847626,-0.675014406533651,0.5005034353868908,0.32214900647793726,hi
-0.7073890725783895,0.6791740526318657,-1.5881096979471578,-0.5061495744140913,hi
0.14603173763027408,-0.6293901127418975,-0.9185690153469724,-0.4800831852517409,hi
-0.39276803956839795,-0.6728281245633654,-1.3037632467922875,-0.8005288522686296,hi
-1.6613186441774526,-1.1388723944999974,1.7543558916404227,0.6143106996245096,hi
0.5332798463147295,-0.7850973155711968,0.9388018614417339,-1.9312656976674112,hi
0.5803940158743965,0.6624555554554374,-0.22733081538737526,-0.36087276757657777,hi
0.2584105915903455,0.6785661071583193,-0.7441247810206937,0.3354603114751938,hi
0.220792974623666,-0.3315661114400666,0.048700375380618846,1.2071327074678049,hi
-1.6482779621636594,0.8353386513223325,-0.950389623730838,-0.48445908884624,hi
0.04160215741734539,0.1774620373138721,-2.316754666473723,-0.6275312708802531,hi
0.7333533128154839,-0.3028770568444599,1.5512204555789688,-0.6432525933847404,hi
-0.7350858927109356,-0.26697606573403254,-1.6419550655560127,-0.6165946957545524,hi
0.3624861927729044,0.11633729626671,-0.03806116770211404,0.6565972076079309,hi
0.13468228585864017,-2.2417781798608987,-1.026790982784301,1.0387246090002498,hi
0.8778681403231243,-2.037441711085696,0.963552418002946,0.6780416673377717,hi
0.30889177253644223,0.44115155248648585,0.3633542305557796,-0.2850219093337852,hi
2.018475559706449,-2.3251225708347283,-0.3177420840252906,0.3279988463757377,hi
-0.9736567956174944,0.7112063580409115,-0.36981444690842796,0.4427226799279263,hi
0.7361568355441758,-0.16627546026225196,-0.8863131144112136,-1.3407709624144326,hi
-0.03714563031693,-1.8814402908197394,-0.8490904328906754,0.15996189165597652,hi
0.6208474088372571,-0.15330447549966963,0.09267799033805939,-2.502127857692642,hi
-1.6673351953799043,-0.6982578965603209,-0.7259217380581783,1.120972432397251,hi
-0.03789513026711394,0.25343994746009546,0.6827328073037832,-2.1540219351286423,hi
1.0401982702171162,-0.6960199671008255,0.20208618114875712,-1.2987735767238022,hi
0.820774398815,-1.310301777308355,-1.3061411599748605,-0.8971519210562374,hi
0.03401961583085737,0.31052434773165083,-1.1679771684354314,0.8850397709898348,hi
-1.55251709099825,0.41444759246552343,2.6563828686473308,-0.6091357979373426,hi
1.018752936224223,-0.5799316867685066,-1.97964017440965,-1.1437494171894271,hi
-0.37785744284702355,-0.5838917010584739,0.730318304639976,-0.7304094307425004,hi
-0.2648809781443911,0.6527920062907782,0.5029234951099916,-1.1301722359171362,hi
1.1578894693300235,0.6532359094257355,-0.002639849276519745,0.6264491428553116,hi
0.6264386141961056,-0.27157227424991925,-1.0330604524310465,0.5984119538580166,hi
-0.475310157351267,-1.4568899094854348,-1.715581418448517,-0.3311906755397593,hi
0.3147265442810374,-0.5720248779530297,0.6457102733490676,-1.1992421957175892,hi
2.5137824624155707,0.8032368879022392,0.13534411218725556,-1.3324445988098659,hi
-0.5231410228247116,-0.6374895932286972,0.5654637718921974,-0.9406474942400191,hi
-0.5415912374501324,0.4909751486890871,0.14760217248728003,-0.12269646493248393,hi
0.8792364036446073,-0.9528160408571252,-0.028618240463814563,0.5748021909802988,hi
0.15240348921880933,-1.5480377908131027,2.5636668205148263,-0.6232931139392109,hi
-2.6060628414362372,1.4801593365805157,-0.020604086949130653,0.9245064022800713,hi
-0.5087686077252177,-0.06912248059304095,0.8185175754828985,1.6995258177032193,hi
-1.379079922655901,-0.5492885991933727,0.7584654113066923,0.03407682704539293,hi
-0.809065527226795,-0.9890518026578424,0.15739669878276877,0.8284065307615551,hi
1.5819448526739468,-0.9499108378132528,0.4398013024961582,-0.28743217888122685,hi
-0.11854893785712299,-0.8668537778198208,-0.3315968925788929,0.6938481682230538,hi
-0.6997314862976733,-0.8144319709701137,0.5083626104793785,0.4719252284872673,hi
-0.7273766727217692,0.9530841641571614,-0.550100321990599,-0.2034803473260294,hi
-1.06384290889558,1.9505559924435851,-0.283853858985228,0.1057413288888867,hi
-1.4924482145209519,-0.1753122275353012,-0.603626370452874,-0.43068279364674267,hi
0.47217556398976773,-0.10845637756976104,0.2102680887973958,1.7941490931898174,hi
0.5776446595018083,0.135202912422059,-0.4166014464941261,1.0040030712620487,hi
0.5047822005900394,0.42752463279679637,0.6513462977450009,2.097426844110639,hi
1.4978201748693656,0.10219192682176975,-0.860624924238953,0.24225083252004434,hi
-0.8522279078840586,1.1985331286340006,0.42418764207350224,1.0232498070775278,hi
-0.40678589643937985,0.6646229330125075,-0.4309547607578845,-2.086923042858405,hi
-0.1498676374799245,-1.0941026415735084,0.7531409040841412,0.6824921129346433,hi
1.3043622845759597,0.8168831385396417,-0.6159537333027229,1.5742533528846812,hi
-0.750586413952648,0.06560032977262308,-0.11530981841894648,-1.4680711093740935,hi
-1.2971125398272694,1.0253972862692995,-0.06790917263400321,-1.4783713053696559,hi
-1.0344434466912398,-1.2993475089453117,0.43628331785742425,0.8089178123563212,hi
1.2998606914601016,-1.4002613157149366,1.3863359860269615,0.7784688719089498,hi
-0.04482214387620399,-0.8965386836074645,0.5726473583258014,0.2992343930937816,hi
0.2803613939507012,1.2362765207186721,-0.4092779268766117,-0.05192563604291256,hi
-0.5587338309294424,1.3328408321789307,0.6929725763294347,0.395759913316925,hi
-0.5170329425492859,0.3971073405426565,-0.41352807666835295,-0.22653653758164233,hi
0.7137647842540528,-0.3571455514155726,-0.8230705609524178,-0.23194661237170994,hi
0.6062123552832601,1.0244841769333426,0.44297714600403565,-1.8138334651928105,hi
-0.6388756688383711,0.38766832570448506,-0.2737413123022775,1.5524695246065936,hi
0.8994812279123988,0.3669632765468627,-0.8187677620048338,-1.1659002365206512,hi
-0.42722941973487505,0.1493094259370725,-0.6588861159488519,2.3912359375480667,hi
-0.9980146028168804,-0.31998865034329627,1.5236408599955082,0.9008753535308544,hi
-1.0496883678033773,-0.09633157796206385,-0.0206817296092723,1.3605272871970382,hi
0.5855444507853711,0.6077777215004839,1.1341136267462666,1.1822749028641573,hi
-1.077584211066192,1.322034956492441,1.031133343164944,0.543417999069341,hi
-2.729488552675951,-1.3408892421291143,-2.0597775328952697,0.4063965342462985,hi
-0.15187023967038712,-0.7652474270426458,-1.7423810288506485,0.678803308319708,hi
0.5869894971780497,1.3518673097095564,-1.5406433460447375,-1.6812302617429635,hi
-1.2693412631115328,-1.4350233397543866,-0.11012385638587047,0.09105490221446415,hi
0.2208169429060143,0.8452586564072221,-0.08130077273074611,-0.37169309693317354,hi
1.7253004566305408,1.0397430578313205,-0.837299260370493,-0.7239627232088507,hi
0.8501800558095985,-0.9989459163913168,0.99221013810414,-0.05715722746610984,hi
-1.1830059399997457,-0.08099881551936836,0.11982813067451996,0.6002867715490463,hi
0.15049563996912296,-1.2149920361358646,-1.4867430649326423,-0.052505074209301575,hi
-1.048454360471557,-0.24855050546396154,-0.443298764919289,0.005452626359727697,hi
-0.6881214569419282,1.1426261057537435,0.2487866579883247,-0.07162132694660737,hi
-0.8113229164571037,-1.3551696909847757,-0.013617843253928341,-0.8570195859047329,hi
-1.7205049666122578,-1.757924136862614,0.7938252649212112,-0.42757233910144665,hi
-0.4759063629926833,-0.705483070444722,-1.3225861843427005,0.04506557060587799,hi
1.6050851628054132,-0.2621204981106577,1.5569313311399182,2.3786124780604396,hi
1.2825374736385493,0.8257325226792795,0.6433288866155167,-1.9223211632342543,hi
-1.45534813910406,-0.6201983358548621,0.2071443903825121,-0.7250665801569677,hi
-0.4152556320347024,1.1983076753399209,1.121851445132522,0.7135613714133263,hi
1.7702608763723373,0.09957716288743282,0.009410052577051265,0.27139901316591264,hi
0.9032367028500558,0.011117438680510473,-1.064394960843868,-0.775916120072553,hi
-0.8021278113276201,0.8803376245917631,-0.4530622556311105,-0.35311134292818963,hi
-0.9348360906463935,0.1756268010327938,0.6752153185836555,-1.5606015219733889,hi
-2.9759210094209982,0.41161834277273757,2.101440476616293,-0.9121278416256395,hi
-0.8048439521464972,0.46046376096428393,0.484519281676862,-1.3619703420376625,hi
-0.2218163934545042,-0.04247312972511614,0.1892011973084968,1.1563394113323269,hi
1.8160880717064212,-1.330279252391762,0.5523777046675669,0.0003114954386333492,hi
0.7804545592779929,-1.350655688301846,0.03877264685908592,1.3268559130656723,hi
-0.884464267362996,-1.1454258492022824,-0.4591885029630959,-1.4827307391516924,hi
1.2903271166375576,-1.5961173116613403,1.5067168001091042,1.0384591339050884,hi
0.16383243946526616,0.5272515748659096,1.3213622472310838,0.5603475964549476,hi
-0.3317354071848482,-0.2889286377872701,1.3169480692223148,1.095436824003282,hi
0.8072658487354334,0.29860182234309113,0.6054385659879694,1.9826751414290726,hi
0.021140213301715498,2.745714037662555,-1.7299755307489981,-0.5052737416837938,hi
0.6616811683980586,-0.3459449622112706,-0.15919557457958414,2.069341034724924,hi
1.0261155722616413,-0.14743535678279482,-0.3091942313135283,0.5564204761806002,hi
-0.1892588908342577,-0.7043913893652153,-0.4670620135258105,0.1840657912659492,hi
-0.47926366849718616,-0.6664920915753161,0.6428586648562026,0.4552096224558991,hi
0.23476893871120946,-0.5787630164207667,-0.37628137158904207,-1.3877470234056564,hi
-1.5819402598366215,-0.5942228710633131,1.0750732981078899,-0.6797004561389443,hi
-1.4988193825745877,0.9766615443756627,0.3354159777992734,-1.1294758158751614,hi
-0.9920065893747445,-1.6093552676590432,-0.7112052810772554,-0.28201104972189084,hi
-0.8530873836472997,-0.46568848331213164,0.12110343825084881,-0.3407485778626607,hi
-0.12415162039902707,0.4265848671710541,-1.1517469424921918,0.8951363793270252,hi
-1.9025935604785862,2.2425623245502244,-0.07482557558940876,0.16319352798068767,hi
-0.022722483402461118,0.10543345583770004,0.868224875438272,0.3002568574049578,hi
1.114454863901653,-0.29869031922978134,-1.3742068103359784,-1.369219067380156,hi
1.6576024365419757,-1.2088673769886702,-0.2331195463657455,0.007891877145521644,hi
-2.2519429974180345,0.549969697342743,-0.6098010791299509,0.2186306004598346,hi
0.5984410113677802,0.23388216973137108,-0.3541143193833015,-0.9274831158118348,hi
0.1217560056529702,1.0106625550391846,1.3888602552658027,-1.226628019657765,hi
-1.199562220682606,-0.17248268707348766,1.50105194716506,0.4205464836180807,hi
-0.9616685612235106,0.8374953620294191,-0.11933562672247314,-0.891151786656781,hi
1.4641662694423085,1.1558591945375398,-0.41848794733715805,1.3077680646375536,hi
0.6285093519862156,0.6405935881347485,-0.18803064621977758,-1.6054984876936247,hi
-0.9253881881466068,-0.05813296785288628,-2.234921294307777,-1.401228253714147,hi
0.7036489377220523,-0.5760120104711235,0.30764724570910096,-1.55127372347485,hi
-0.1492997576546302,-0.500972773908666,1.599735988528101,-0.7922055206488304,hi
0.45166817667358994,-0.7347040744855191,1.195856235649138,-0.47883122479701407,hi
-1.1704818449932106,-0.027869058236455427,1.2502498474232142,0.49623453227056474,hi
1.3103784366797846,0.07040188419264654,-0.5211822667968095,-1.0178227612400315,hi
-0.8213687671533957,-0.9041922548234494,-0.7277022977119518,-0.4559910560159932,hi
1.0265420272359442,-0.7495294661296117,-0.475850583807512,2.001663377046345,hi
-0.8216892548267348,-0.6971261186756079,-0.15643922427635842,-2.2972492779036617,hi
0.18400918610055683,-1.2232277099568207,2.41585297625607,0.01736616042818886,hi
-0.0025894944339888647,-0.7684581670295313,0.17082988738665053,-0.16408215109588903,hi
-1.7491958141572836,0.7178612961294958,0.24531589461759987,-0.4042239909628938,hi
-1.6886139902225636,-0.49016388287288154,-0.6276272853860765,-0.3797821280094197,hi
0.20983825528840838,-0.37505822892189195,-1.0904203868133562,-0.22839154666562164,hi
0.3701566024240535,-1.3059015413853474,-0.27779061580609954,1.5193724513394085,hi
-0.8000942072383889,0.47398554432158524,-0.3907517348975783,1.4352378374088168,hi
-1.3414191117568144,0.23910435682411807,1.3405009903522689,-1.0751555235094017,hi
1.6954707888368006,0.1373080519168514,0.42372533989519745,-1.0219643238829565,hi
-0.5880616166523769,-1.591096741822134,-1.7772258193821422,-0.19419470513723439,hi
1.3761166113997847,2.1305087787423966,0.0022434627069911448,-1.4872246195971137,hi
-0.13029919332428705,0.4210927720642009,-1.3774020973383778,0.04110549684753748,hi
-0.701831921605576,-1.1785776046616234,-0.9791222392637559,1.092340736736181,hi
0.5920752567707872,0.0465407987249146,-0.9961256269412092,1.5861688571345998,hi
1.511156092857161,-0.24103639171131902,0.98273395706369,-0.6673046772030474,hi
0.08086215682337898,-0.6515189002653511,-1.7269441260979048,-0.012012210945785497,hi
-0.5916684828080961,-0.4548809507076272,-0.017704794372918574,-1.4817706341992636,hi
0.9158196163790063,-1.049629312380732,-1.64991737823284,-0.2972802732309592,hi
2.6696230617275996,-0.27622085799755175,-1.9954726517473755,-0.9421513726470183,hi
0.1953215583157691,-1.8856292180087728,0.3261579122948232,-1.2930300783934332,hi
-0.5075891916455184,-0.09341886441862873,-0.6713640195302079,0.890475414314775,hi
0.7115697373077542,-0.6607836650777159,0.8411141615031504,0.13354390725869955,hi
-0.6875668015020664,-0.5317930892197703,0.12762573538480934,0.8454745957905366,hi
0.20486946440882875,2.5283420299796657,-0.12803466819608297,0.3781562244686358,hi
-0.8571179638546458,-0.13674265801662672,1.6159922742208153,-0.07129981471814877,hi
0.4599314825777662,-1.8592530455947125,0.47105755712275726,-0.1248462329097759,hi
1.2172998351497015,0.7349595790339678,-0.15794535637378196,-0.15140182511180986,hi
-0.08022369651668754,0.9479666545557549,-0.876845214747821,0.639833250988964,hi
-1.676709719617841,0.9895247645127564,-0.3092810444104143,-0.7241137708871263,hi
0.9859753078492511,0.8712139836255616,-0.3308493521182169,-1.3251504788337545,hi
-0.09228475847623423,0.6131542822326436,1.248519283595351,1.419523626891358,hi
-1.9473219915856788,0.4301188803825718,0.21567508227673302,-0.5248804853286598,hi
-1.4644160751678295,-1.5892420640401084,1.1630228360445862,1.2132614987706611,hi
-0.9467084883531155,-0.2788211548321844,-0.015149025122378834,-0.12619775263388275,hi
1.37071030994611,-0.44326376744823504,-0.14037533913911646,1.4285665445217088,hi
1.379415767437416,1.4566493363864328,-0.8193932322114638,0.6917935829100742,hi
-2.1640662036554965,0.5927819559211945,-1.0826429488005327,0.6515954713311111,hi
0.41839076056068136,-1.692011456718432,0.42452406454601643,-1.1694150504326892,hi
-0.20806893985275834,0.40983072532426384,-1.7177780694330762,0.5834262542833494,hi
-0.28948166801217345,-0.8093909074632758,-1.1860564283663542,1.0226451672916408,hi
-1.5420441178967967,2.112001026639788,-0.1457993070393713,0.5218110665329969,hi
-0.768340634614996,-0.272883189592148,-0.7380099953423346,-1.8784277057328835,hi
2.2085649090488118,-0.6252767845491845,0.26381857395845737,0.580634370911217,hi
0.5204238817729385,2.1482858831875773,0.41061117128395697,2.158982016032598,hi
0.5274898792801265,-0.08537030323443898,-0.18776186661440417,1.3968360652767529,hi
-0.33609336427063763,-0.6456982128807749,-0.29973242384467247,0.8671038436384089,hi
1.7853258463972181,-0.4092165260867844,0.15043139407989778,0.08304594712398126,hi
0.2012972455650905,0.40497361530476395,-0.15955649455003343,0.7079310264283707,hi
1.2927540097836048,-0.3069826236669285,-1.3532687073717051,0.022560943466832895,hi
-0.3323124413050502,-0.6102520771802539,0.2792319671154116,0.10749480646642148,hi
1.4262150273265,-0.6980197409464882,-1.9264521489662423,-0.43483174405885366,hi
-0.7107614261686265,-0.6094693916744576,1.6612964213517105,0.3386853626070119,hi
-0.8885212387645164,-0.8972025407930377,0.08817866409353703,0.03121687387744928,hi
0.08439403929231004,-1.4647647488371212,0.08787135222791789,-0.588689943794325,hi
-0.6648490061561152,-0.5116066215927414,0.7047106679822638,1.0353574599695807,hi
1.5300388994734897,1.1021912544867474,-0.9672627227522206,1.5834483332390579,hi
-0.6484074689996446,0.10905834365265861,-0.45039257476221145,-0.019420866321057547,hi
2.3314628610006882,0.8589765480804273,-0.7479345060935215,-1.1706269278917283,hi
0.11166547854328711,1.6266252809913266,-1.4222168324656221,-0.2232447620049771,hi
-0.6654492987337738,0.10008702162254546,0.09518598709873322,-1.2188290508810768,hi
-0.20778483056186117,0.5104117951514383,0.23922066606630688,0.6754962496148424,hi
1.2435822153633205,-0.7359468040225056,1.4968400215749222,0.9818899378963806,hi
1.427147166748267,-0.3381884295224751,-0.27031915083969604,0.9689591254410513,hi
0.06669211642359302,0.5182885183181769,0.8979559780289503,0.8882309989909981,hi
0.24369835979721072,0.6056778603082307,-0.29796664236280906,-1.3211959176626598,hi
0.6202044151587929,0.9129502165579881,-1.5515569497605746,0.17774708045159754,hi
0.5233991535203962,0.6736062232393283,0.6306108356108363,-1.165021120405198,hi
-0.598023473666621,0.43760609837847125,0.051828813333023326,0.9169239610095785,hi
0.3537746713557277,-1.7543020769823772,-1.6938408493928128,1.3170159105708323,hi
-0.3709559604408911,0.6248497665823974,1.4686188489922674,0.5228478169053766,hi
-0.387283892826839,0.5519669823418579,0.355415897652735,2.33484224571196,hi
-0.0951432689606476,0.045343200381419965,0.26946189207381765,-1.088460383011088,hi
0.08473586037142122,-0.13270140967694538,-2.2074462284043297,0.1185501910960552,hi
1.5967909205238102,1.2359613108749936,2.2608758247917127,1.4707184116491854,hi
0.8807725479031004,0.5178108035990249,0.26125310285069886,1.9362459493001332,hi
1.4900772741217236,0.8869887181252395,-0.2403948244119309,-0.39828796702530417,hi
-1.2939675568565536,-0.4355705115329317,0.46615021586502875,-0.35323074298236784,hi
0.8360850814101587,0.8302674016488817,0.314743488003254,-0.5116403111216222,hi
0.08189905245228664,-0.6296539484796286,0.5037333547963921,1.9980601996649443,hi
-0.9797825664734535,-0.6323015427491694,-0.20529686118575968,-1.2487424951962798,hi
0.4433284725652507,-0.3011347598571234,2.007619587090033,0.78336541103349,hi
0.343677418789465,-0.3336802074281497,-0.45338239315839957,-0.9958887285657244,hi
-2.783502783549771,-1.0262159845138783,0.2986903181643655,1.987992529420008,hi
-1.2245758694793396,0.10506186751741699,0.3177743052047394,0.494864012040259,hi
1.8165716210582812,-0.5538993073677716,-1.0217539419993955,-0.70581933739255,hi
-1.6270905256427315,-0.48798434709065913,-0.6607472517648646,-0.5750469316392405,hi
-0.05315071302254002,-0.23031541017191598,-0.4578807145848997,-0.6133560908784648,hi
-1.8679300927529294,0.5546586487643017,1.3083303560573403,-0.823070197224434,hi
0.03603948851010578,1.251146044629659,-0.2822742225525456,-0.48666481317467314,hi
-0.3380434795195961,-0.4538299042011493,-0.732299777829059,-0.7862689155780594,hi
0.1957857918921085,1.1769840809886714,0.4126330587453415,-1.0054908004906677,hi
0.5808999157045089,0.6777568312603496,-0.6506175516007934,-0.3313501478321592,hi
-0.22831327232941512,0.3669319868519846,0.6585909093934573,-0.8062772840237002,hi
-0.47906270279799457,0.1926820102080678,0.8375820543360151,-0.26697989227258767,hi
0.34387295190955336,0.7763480637834774,-0.9185060388109468,-1.665461252532199,hi
-0.2551482023488472,-1.3454121412917543,0.276138322169739,0.14964851285158032,hi
-0.199821048623881,-0.4710557623418136,-2.438278213349787,-0.5071867701686905,hi
-0.5904245079662489,0.5552235339691096,1.885007075329406,0.9011683376932348,hi
0.9137868890652703,-0.10648622567986225,-0.02970420625698194,-0.9394591364012722,hi
0.4744476055877832,-1.1547194342583385,1.561334211205693,0.9436773028164507,hi
-0.11232068205854233,-1.2171410883306726,-0.5784804116201323,0.16410271154079206,hi
0.9845138121812864,0.6769474493254366,0.41257959528507654,0.15525005819030857,hi
-0.5746467101907575,-0.8047650352224383,-0.07720870934489815,-0.3694169389412494,hi
-0.38089862592080953,-0.9702464487993467,0.3208936922942163,0.2572137972974488,hi
-0.6145658275780892,-0.9836481013706725,0.44485816529051625,-0.09103699671234776,hi
1.5539083124881954,0.32948245788939384,0.5289942568809742,0.34048884611630287,hi
1.0578806555859528,-1.1490874356752054,-0.42370519979174653,-1.7236268381350648,hi
-0.09053488911445781,0.015512710869651756,0.420010093108747,-0.1694078117858883,hi
-0.22007726631307895,-0.94335992316204,1.2781615660679218,-0.23761655164037587,hi
0.3617319888932612,-0.4032833851566669,1.1435952145412691,-1.2776313532593107,hi
0.26099369909196535,-0.1837293549946921,0.11500850905009641,1.0699365301881716,hi
1.3829822622023924,-0.8850537195972704,0.20103558702919444,1.1236818211733395,hi
0.4727575587326227,-1.220219691416151,0.40219896091143587,1.293212035899305,hi
-0.5489030449803733,-0.3434253886608789,0.5101822044241431,-1.5412815576408816,hi
-1.4048169067118685,1.279267381226741,0.7777092503515998,-1.0039422401169802,hi
1.0282054320237106,0.06513551069398155,1.1602382597368317,-1.764485006950529,hi
-0.0024792912212829913,1.016970441426675,0.1142282707576367,0.6498184939056573,hi
1.1185495508394405,1.1412247810839693,0.6145351293232887,-1.4231858383555172,hi
-0.1900954197339748,-1.2771491266986952,0.04416858880346611,-0.6642119695624348,hi
-1.0732434636703745,0.5500502553077881,-1.3450251205831787,0.6153143404193744,hi
-0.30830464422495873,-1.2474440945488638,-1.257798525147345,-0.751671889816498,hi
0.26380359080330645,-1.3201871909185907,-1.422776865301828,0.5240904063398195,hi
1.0837026702744799,1.3999475430418227,0.23133156762567425,0.325193527205067,hi
-1.2532384094312636,0.8479545457053576,1.0328213501933685,-0.719593945214314,hi
-0.775966178390449,-1.2352118565822487,-0.42673275422548973,1.0682678808056856,hi
-0.11714822779004623,-0.4757756487373055,2.3055336387814926,-0.17368421058649725,hi
1.2409079856640897,0.9954283114314479,0.9079493663844951,0.30005535015924967,hi
-1.7710613375949373,0.30205132481576386,0.7146596854850678,-1.642581130187237,hi
-0.1605881256578102,-2.4318538280096145,-0.8417653231378889,-1.5445437435615608,hi
1.0616651811909679,1.2426360053493646,1.418681742735048,-0.6131679247736374,hi
-0.7854298715885064,-0.6536717335792916,0.9480176153885524,-1.4439538196012007,hi
0.06155617144822602,-0.4230741964656503,-2.9886787586981773,0.706046964589107,hi
0.5868149029188772,-0.6386943069158586,-0.5242775787333258,1.2664237462162564,hi
0.7910318712519947,0.9948680068148619,-1.2016711765237353,1.2839389897059714,hi
-0.04824772441695368,-2.637614307862269,0.2553166988206027,-1.076586330716303,hi
0.18028971828937412,-0.28146225054884155,1.654447104214932,-0.5433966109431905,hi
-0.702880825484207,0.6713652209686705,1.1352517707297618,-1.3736648816443597,hi
0.4703727469016109,-0.6132788991521532,-0.5063719389566294,0.09651099817968485,hi
-0.9403411367312478,-0.9601837056597707,-0.6775012029536515,0.11259475477596291,hi
-0.2710142971460585,-1.2167992964287253,2.204921630768925,1.0201913788278623,hi
0.7525362306985554,-0.2721814872099547,0.5378482874370595,0.3980571047405061,hi
0.5639889737463037,0.40682776226888967,0.6899459477860095,-1.172154859665058,hi
-1.2735155469096897,-0.392915278131666,-0.9221553724262169,0.988693673138436,hi
0.25845333868673276,-0.6407937549942712,0.227813105504013,-0.4121206506165666,hi
-0.3217275108947451,0.33120693935189716,0.22472322740795167,0.9334643656076308,hi
-0.9862858972226463,-0.4070397193223515,0.7582075183505113,0.8386777007562342,hi
-1.410274077170379,0.4814788956481513,-0.06340676211576422,-1.2039962817220007,hi
-0.5660195572474724,-0.06821067589520227,-0.38924543139051127,2.5173582550779328,hi
-0.11564816938157019,-1.3996048248727457,0.42143725227030077,0.8454400690610111,hi
-1.0366015534861346,-1.7188585149498938,1.2851811594173284,0.5926907191967471,hi
1.6688116013329215,0.5488212758313971,0.5082413342205776,0.5867286007624478,hi
0.6012333609906588,-0.7269912453857579,0.37323724478862796,-1.1680905161443076,hi
-1.454585183084249,-0.20607592796089885,-0.05983281715732556,-0.5211222914550294,hi
-0.1455275543757608,1.335495805243753,-1.2086332623509235,1.0765267395172207,hi
-0.849117177048951,-0.17567879239792428,-0.5164936822124886,-0.9892952721571948,hi
1.1944619691868756,0.8635967076635616,-0.008937634153748594,0.7343756688975507,hi
-0.67934899338354,0.8087511537388741,-0.09008119840588817,0.5871027063275345,hi
-0.693578038325926,1.978961967891401,-0.11817352095776609,-0.7434648105905641,hi
0.10209715996403357,-0.2094954757318457,0.290669471597948,-0.0968812093362706,hi
1.0816741440484297,-1.6735798788485576,-1.3940907605091972,0.5787117930288959,hi
-0.6521311698124976,-0.7354132844286414,-0.12535737144498726,-0.579594572773376,hi
-1.2734121823262912,0.18532168065507817,-0.43296919388066013,-0.08841347197328774,hi
-1.4643095928218544,0.18932712069688698,-0.007717251326708739,-2.3970152980134185,hi
0.5538334848320673,1.5764454231133633,-1.159695085729237,-0.7787167160675033,hi
-1.4837613281910773,0.5797285162835768,1.310680041591638,2.4457279041385034,hi
-0.4101824721891374,0.7629471011691298,-0.7882040428468661,1.2076988960997126,hi
-0.30632658870543655,1.3893796552181283,-0.21922638551308135,0.9729292204258523,hi
-0.10523174219884451,-1.5311604038374402,-0.6676165831922586,1.3212352229256934,hi
0.5134828936009139,2.1297182100018412,1.059358379711878,-0.2604684772716786,hi
0.9957101696887841,-0.31788014048662416,-0.41865065775218746,-0.25502472625369454,hi
-0.47686064526348343,1.39149171677403,-0.46227079185379427,0.052459322934044164,hi
-1.2846927159850323,0.6753062085934035,-0.9547562315091,-0.36272055970639056,hi
0.0010479881924889134,-0.7977137480701909,-0.7221660199153128,-0.7112047489089477,hi
-0.03312824091048906,-0.545249540032309,-0.19267936003126215,-0.5957631649864185,hi
-0.12272179453139888,0.4171605566959593,0.03264402919858217,0.2832168215328328,hi
0.15598622749913144,-1.4345083796022515,1.1768847877446231,-1.417912086843588,hi
0.3372384720276125,0.622455478399223,1.0829512600443083,0.6943422257035026,hi
0.8766417087672778,-1.031563484515535,1.1751914479265595,1.457160962047083,hi
-0.47894502617451107,0.8546572478342542,0.0596940835156815,-1.7496645462481588,hi
0.8384041884160832,-1.3196606773009654,0.46642844224883473,1.9488095309615865,hi
-0.12249221642222041,-1.0861709467289002,-0.3827258117623096,0.07577670842819266,hi
0.4510031862628558,1.061005572041836,0.7274800213094758,-0.2900012653312409,hi
1.042972311768543,-0.7704774689776653,-0.5535609332606772,0.6536586087909368,hi
-1.6871109258196966,1.5883470676090397,-1.1508452084698393,-0.2943752990837393,hi
-0.5443618753576202,2.200696860518969,0.8270817844680527,-0.3459978060008169,hi
0.375466527216477,0.024828464399480547,1.1323178733088806,0.9778461457542829,hi
-0.9043375913149154,0.5137988327825082,0.05203412020075596,-0.03011981079756611,hi
-0.5209091141354549,-1.2778489362185144,-0.6416807457773321,-0.9393036537385716,hi
0.2579260022226756,-0.4760559963030707,0.38263659954964685,-0.3436282500343344,hi
-0.0220150445926966,-0.16896303817804925,0.9483421997613728,-0.19397821613304705,hi
-0.11580124786336822,-2.13551758968663,0.3496174956582304,0.6978427005640283,hi
0.6681409822722096,-0.9676711561890466,0.9199186846411598,-0.26446410464718617,hi
-0.5750740402276165,0.9931199780337657,0.3392741353534995,-0.4184895748992678,hi
-0.5257279953573067,-2.0219946683908963,-0.9336879856597039,-0.6900715949773478,hi
-1.7044450370442932,-0.3696700819535477,-0.9380178767940396,0.7931530730078584,hi
0.5319110058367266,0.16751768251413374,-0.4236152141677928,-0.09645752458590524,hi
-1.242685265457179,0.1678537593991268,1.018921688502309,0.896711279653853,hi
-2.6747829903946223,-1.2032826426940704,0.7786158237025815,-0.6370588475677569,hi
-1.306915435396233,0.5073251888388333,-0.15152108514777995,-0.4325886111576168,hi
-1.3221934648237281,0.2987455879191985,0.6856735951268011,-0.4770472224466702,hi
0.10670578095152489,0.41920235410196593,0.8545423807803729,0.16884432999080676,hi
1.0908407081355522,2.5725998344699756,1.7599224165364644,0.8466666811160133,hi
-0.2717300523036328,0.8513654458327156,-0.6364091192066486,0.10746205934325999,hi
0.836009666968707,0.060211603505697736,0.37498436125870827,-0.2388708718552925,hi
-1.4922253616294154,0.10279399713873717,0.5574437242615871,-0.2216961729278251,hi
-0.7687000598809293,-1.0533903644495506,-0.9137746997716426,-0.5800758126749392,hi
-0.9470708296885618,-2.3415016241591755,-1.4940569573789717,1.1612603273792999,hi
-0.1512039198469664,-1.9760719317529887,1.9080776465007683,-1.3304427186981458,hi
-0.20186653779723543,1.3033762242581013,-0.27613357703807234,-0.3993334824220383,hi
-0.23317162746825784,0.15923172874589614,1.3983824502899693,0.49043110394752487,hi
0.19473953180247686,-0.044352100795606676,-1.1756845966264224,0.6104383527777683,hi
1.0038575150831583,0.053377064754197026,-0.9920184919001006,0.3009146917302587,hi
0.12611159363674818,0.4004214945400283,-0.5532864252603551,-0.32249511904951755,hi
